http://chrisk91.me//2018/02/13/Setting-up-VSCode-for-Anki-addon-development.html, https://chrisk91.me/post/2018-02-13-Setting-up-VSCode-for-Anki-addon-development/
http://chrisk91.me//2018/02/17/CSS-in-Anki-Beyond-basic-use.html, https://chrisk91.me/post/2018-02-17-CSS-in-Anki-Beyond-basic-use/
http://chrisk91.me//2016/09/28/An-introduction-to-color.html, https://chrisk91.me/post/2016-09-28-An-introduction-to-color/
http://chrisk91.me//2016/10/09/Bit-depth.html, https://chrisk91.me/post/2016-10-09-Bit-depth/
http://chrisk91.me//2016/10/05/Hands-on-Color-models-and-ImageJ.html, https://chrisk91.me/post/2016-10-05-Hands-on-Color-models-and-ImageJ/
http://chrisk91.me//2016/10/30/Pixels.html, https://chrisk91.me/post/2016-10-30-Pixels/
http://chrisk91.me//2017/12/20/Sharing-CSS-across-multiple-cards-in-Anki.html, https://chrisk91.me/post/2017-12-20-Sharing-CSS-across-multiple-cards-in-Anki/
http://chrisk91.me//2018/02/03/Accessing-the-Anki-database-via-R.html, https://chrisk91.me/post/2018-02-03-Accessing-the-Anki-database-via-R/
http://chrisk91.me//2018/04/14/Building-Anki-2.1-on-Windows-10.html, https://chrisk91.me/post/2018-04-18-Building-Anki-2.1-on-Windows-10/
http://chrisk91.me//2018/04/18/Building-Anki-2.1-on-Windows-10.html, https://chrisk91.me/post/2018-04-18-Building-Anki-2.1-on-Windows-10/
http://chrisk91.me//2018/04/28/Adding-Hint-fields-in-Anki.html, https://chrisk91.me/post/2018-04-28-Adding-Hint-fields-in-Anki/
http://chrisk91.me//2018/09/09/Pagination-with-Jekyll-and-Foundation.html, https://chrisk91.me/post/2018-09-09-Pagination-with-Jekyll-and-Foundation/
http://chrisk91.me//2018/09/20/Basic-CSS-Template-for-Anki.html, https://chrisk91.me/post/2018-09-19-Basic-CSS-Template-for-Anki/
http://chrisk91.me//anki-css-template/, https://chrisk91.me/post/2018-09-19-Basic-CSS-Template-for-Anki/
http://chrisk91.me//2018/09/19/Basic-CSS-Template-for-Anki.html, https://chrisk91.me/post/2018-09-19-Basic-CSS-Template-for-Anki/
http://chrisk91.me//2018/09/28/Anki-Templates-Introduction-HTML.html, https://chrisk91.me/post/2018-09-28-Anki-Templates-Introduction-HTML/
http://chrisk91.me//2018/10/05/ECG-Visualizer.html, https://chrisk91.me/post/2018-10-05-ECG-Visualizer/
http://chrisk91.me//tools/ecg-visualizer.html, https://chrisk91.me/post/2018-10-05-ECG-Visualizer/
http://chrisk91.me//tools/ekg-app.html, https://chrisk91.me/post/2018-10-05-ECG-Visualizer/
http://chrisk91.me//2019/04/05/EOS-Transfer-CCAPI-App-For-Windows-10.html, https://chrisk91.me/post/2019-04-05-EOS-Transfer-CCAPI-App-For-Windows-10/
http://chrisk91.me//2020/02/20/A-second-home.html, https://chrisk91.me/post/2020-02-20-A-second-home/
https://chrisk91.me/2018/09/28/Anki-Templates-Introduction-HTML.html, https://chrisk91.me/post/2018-09-28-Anki-Templates-Introduction-HTML/
https://chrisk91.me/2018/02/17/CSS-in-Anki-Beyond-basic-use.html, https://chrisk91.me/post/2018-02-17-CSS-in-Anki-Beyond-basic-use/
https://chrisk91.me/2018/04/28/Adding-Hint-fields-in-Anki.html, https://chrisk91.me/post/2018-04-28-Adding-Hint-fields-in-Anki/
https://chrisk91.me/2018/09/19/Basic-CSS-Template-for-Anki.html, https://chrisk91.me/post/2018-09-19-Basic-CSS-Template-for-Anki/
https://chrisk91.me/2017/12/20/Sharing-CSS-across-multiple-cards-in-Anki.html, https://chrisk91.me/post/2017-12-20-Sharing-CSS-across-multiple-cards-in-Anki/
https://chrisk91.me/2018/04/18/Building-Anki-2.1-on-Windows-10.html, https://chrisk91.me/post/2018-04-18-Building-Anki-2.1-on-Windows-10/
https://chrisk91.me/2018/02/13/Setting-up-VSCode-for-Anki-addon-development.html, https://chrisk91.me/post/2018-02-13-Setting-up-VSCode-for-Anki-addon-development/
https://chrisk91.me/2019/04/05/EOS-Transfer-CCAPI-App-For-Windows-10.html, https://chrisk91.me/post/2019-04-05-EOS-Transfer-CCAPI-App-For-Windows-10/
https://chrisk91.me/2018/02/03/Accessing-the-Anki-database-via-R.html, https://chrisk91.me/post/2018-02-03-Accessing-the-Anki-database-via-R/
https://chrisk91.me/2016/10/05/Hands-on-Color-models-and-ImageJ.html, https://chrisk91.me/post/2016-10-05-Hands-on-Color-models-and-ImageJ/
https://chrisk91.me/2016/10/09/Bit-depth.html, https://chrisk91.me/post/2016-10-09-Bit-depth/
https://chrisk91.me/2018/09/09/Pagination-with-Jekyll-and-Foundation.html, https://chrisk91.me/post/2018-09-09-Pagination-with-Jekyll-and-Foundation/
https://chrisk91.me/tools/ekg-app.html, https://chrisk91.me/post/2018-10-05-ECG-Visualizer/
https://chrisk91.me/2016/09/28/An-introduction-to-color.html, https://chrisk91.me/post/2016-09-28-An-introduction-to-color/
https://chrisk91.me/2020/02/20/A-second-home.html, https://chrisk91.me/post/2020-02-20-A-second-home/
https://chrisk91.me/2016/10/30/Pixels.html, https://chrisk91.me/post/2016-10-30-Pixels/
http://chrisk91.me//2021/08/12/Medical-checklists.html, https://chrisk91.me/post/2021-08-12-Medical-checklists/
https://chrisk91.me/2021/08/12/Medical-checklists.html, https://chrisk91.me/post/2021-08-12-Medical-checklists/